{
    "MAPCA_subsampling": {
        "calculated_IID_subsample_depth": 2,
        "calculated_IID_subsample_mean": 2.0,
        "effective_num_IID_samples": 2997.0,
        "total_num_samples": 23979.0
    },
    "aic": {
        "curve": [
            312089.9345263697,
            272377.5007769118,
            240919.2689957005,
            211790.68787161954,
            181260.4152116734,
            162066.37486358485,
            147066.69963698898,
            133985.3437596733,
            122621.51339350233,
            113004.96399368964,
            104305.69077124927,
            96547.3474551231,
            89978.24661395008,
            84350.30211809598,
            79017.72082291413,
            75088.5936124345,
            71212.58787563686,
            67718.68041368197,
            64646.55676610931,
            61742.744131971805,
            59327.606143065495,
            57380.350143606505,
            55373.095245873905,
            53521.90270890561,
            51794.31822791733,
            50467.1951475177,
            49249.14671674361,
            48164.0938438716,
            47139.671753198294,
            46200.87435291502,
            45299.085787497075,
            44467.55280465285,
            43671.735408814304,
            43011.502275642306,
            42359.132715564556,
            41750.262569738625,
            41217.91664500449,
            40683.93769419715,
            40141.45447415795,
            39657.83404153887,
            39208.94811028674,
            38744.64617356119,
            38305.82073063818,
            37927.9219808358,
            37613.4073459808,
            37305.705305070864,
            36992.9022676951,
            36662.81239353122,
            36403.895040780546,
            36139.4148795911,
            35911.02300127705,
            35693.94527536219,
            35478.897637468894,
            35273.6501316084,
            35072.01877827289,
            34867.731002823806,
            34689.88789930167,
            34501.07276538988,
            34323.42180249891,
            34172.09001524848,
            34011.43936404114,
            33849.13354216641,
            33684.560962848074,
            33525.735644937515,
            33359.07093396653,
            33188.20682101656,
            33006.9318347381,
            32830.86915798013,
            32674.971777859333,
            32515.900724552776,
            32366.4281715479,
            32240.254689217774,
            32106.70331824236,
            31973.698239625657,
            31845.416947183585,
            31708.120196545497,
            31583.8301104527,
            31447.816968308678,
            31308.449259772628,
            31161.69691081433,
            31034.593691920032,
            30912.560880814934,
            30789.521983253857,
            30661.896171466786,
            30522.267418424726,
            30394.83467149835,
            30255.053426494185,
            30111.583548450842,
            29973.424934507195,
            29839.41706365969,
            29708.16786569076,
            29575.071523769977,
            29450.328904507252,
            29326.27756991738,
            29188.546272647218,
            29058.906827932093,
            28918.881985086133,
            28792.226182485,
            28650.76024140374,
            28511.136927244926,
            28376.06356487523,
            28253.19915417407,
            28137.59451805169,
            28007.464586919872,
            27868.419842401803,
            27740.33344729326,
            27594.897398554436,
            27465.950711596768,
            27328.27356659441,
            27205.588291789856,
            27082.399245744997,
            26968.02092901309,
            26852.748044914355,
            26733.944017092952,
            26625.880157564723,
            26523.059305061863,
            26418.65814160633,
            26300.568244489135,
            26207.599792741894,
            26103.778561002862,
            26033.686854973166,
            25959.82812726369,
            25882.193029151164,
            25814.000165734127,
            25759.118637442054,
            25703.66207430556,
            25644.521159479627,
            25595.10516341155,
            25550.230854728557,
            25519.17002374928,
            25494.904452437197,
            25483.859114496656,
            25470.531586562403,
            25466.04002210903,
            25469.924654652226,
            25481.774910971377,
            25492.978304622902,
            25502.1422153724,
            25518.026013099792,
            25529.439006984478,
            25533.41615677278,
            25548.413481384236,
            25563.612928445644,
            25581.71086851282,
            25602.31684971686,
            25620.60066181717,
            25633.161367889563,
            25645.575451734494,
            25664.305460343065,
            25680.103330325983,
            25694.438038348526,
            25706.748419858042,
            25717.856836396244,
            25727.663188313156,
            25736.57981376778,
            25743.88435721136,
            25750.09860136057,
            25756.0,
            25760.0
        ],
        "explained_variance_total": 0.988,
        "n_components": 134
    },